episode,scores,steps
0,100,1
1,-10,251
2,-10,467
3,-10,488
4,-10,525
5,-10,547
6,-10,568
7,-10,587
8,-10,604
9,-10,649
10,100,652
11,-10,698
12,-10,710
13,-10,735
14,-10,750
15,-10,764
16,-10,784
17,100,793
18,-10,807
19,100,822
20,-10,839
21,-10,863
22,-10,886
23,-10,900
24,-10,913
25,-10,930
26,100,936
27,100,937
28,-10,948
29,-10,969
30,-10,983
31,-10,999
32,-10,1017
33,-10,1038
34,-10,1081
35,-10,1104
36,-10,1129
37,-10,1142
38,-10,1162
39,-10,1178
40,-10,1199
41,-10,1212
42,-10,1225
43,-10,1236
44,-10,1264
45,-10,1275
46,-10,1293
47,100,1300
48,-10,1317
49,-10,1331
50,-10,1353
51,-10,1370
52,-10,1388
53,-10,1401
54,-10,1412
55,-10,1427
56,-10,1437
57,-10,1467
58,-10,1488
59,-10,1503
60,100,1520
61,-10,1535
62,-10,1562
63,-10,1576
64,-10,1595
65,-10,1613
66,-10,1626
67,-10,1644
68,-10,1656
69,100,1657
70,-10,1675
71,-10,1690
72,-10,1703
73,-10,1715
74,-10,1752
75,100,1756
76,-10,1768
77,-10,1780
78,100,1783
79,-10,1797
80,100,1803
81,-10,1822
82,-10,1838
83,-10,1853
84,-10,1902
85,-10,1946
86,-10,1964
87,-10,1978
88,-10,2015
89,-10,2032
90,100,2033
91,-10,2051
92,-10,2066
93,-10,2084
94,-10,2101
95,-10,2143
96,-10,2158
97,-10,2171
98,-10,2187
99,100,2192
100,-10,2205
101,100,2206
102,100,2227
103,-10,2253
104,100,2254
105,-10,2265
106,-10,2277
107,100,2293
108,-10,2304
109,-10,2318
110,-10,2337
111,-10,2353
112,-10,2371
113,100,2372
114,100,2378
115,-10,2394
116,-10,2411
117,100,2416
118,-10,2441
119,-10,2463
120,-10,2504
121,-10,2522
122,-10,2536
123,-10,2551
124,-10,2574
125,100,2591
126,-10,2621
127,-10,2638
128,-10,2659
129,-10,2677
130,-10,2698
131,-10,2711
132,-10,2730
133,100,2739
134,-10,2768
135,-10,2785
136,100,2786
137,-10,2816
138,-10,2844
139,100,2845
140,-10,2860
141,-10,2888
142,-10,2908
143,-10,2923
144,-10,2946
145,-10,2962
146,-10,2976
147,-10,2992
148,-10,3005
149,-10,3027
150,-10,3046
151,-10,3072
152,-10,3093
153,-10,3115
154,-10,3139
155,-10,3181
156,-10,3202
157,-10,3224
158,-10,3240
159,-10,3264
160,100,3271
161,100,3286
162,-10,3304
163,-10,3319
164,-10,3339
165,100,3340
166,-10,3370
167,-10,3391
168,100,3394
169,-10,3409
170,-10,3444
171,-10,3472
172,-10,3492
173,-10,3520
174,-10,3544
175,-10,3562
176,-10,3578
177,100,3617
178,-10,3642
179,-10,3657
180,100,3670
181,100,3675
182,100,3692
183,-10,3717
184,100,3723
185,-10,3743
186,-10,3756
187,-10,3777
188,100,3788
189,100,3789
190,-10,3802
191,-10,3812
192,-10,3844
193,-10,3861
194,-10,3880
195,-10,3900
196,100,3910
197,100,3925
198,-10,3945
199,-10,3962
200,-10,3977
201,100,3985
202,-10,3998
203,-10,4039
204,-10,4058
205,100,4075
206,100,4076
207,-10,4099
208,-10,4119
209,100,4120
210,-10,4144
211,-10,4165
212,-10,4184
213,-10,4203
214,-10,4223
215,-10,4243
216,-10,4267
217,-10,4284
218,100,4292
219,-10,4314
220,-10,4342
221,-10,4373
222,-10,4400
223,-10,4424
224,100,4438
225,-10,4457
226,-10,4476
227,-10,4517
228,-10,4536
229,-10,4555
230,-10,4577
231,100,4595
232,-10,4623
233,-10,4652
234,-10,4682
235,-10,4699
236,100,4716
237,-10,4736
238,-10,4788
239,-10,4817
240,-10,4834
241,-10,4853
242,-10,4889
243,-10,4907
244,-10,4927
245,100,4932
246,-10,4953
247,-10,4971
248,-10,4991
249,-10,5018
250,-10,5058
251,-10,5078
252,-10,5105
253,-10,5156
254,-10,5174
255,-10,5201
256,-10,5218
257,-10,5238
258,100,5244
259,-10,5266
260,100,5272
261,-10,5288
262,-10,5306
263,100,5310
264,100,5311
265,-10,5336
266,-10,5359
267,-10,5378
268,-10,5399
269,-10,5424
270,-10,5450
271,-10,5482
272,-10,5501
273,-10,5526
274,100,5538
275,-10,5554
276,-10,5584
277,-10,5603
278,-10,5618
279,-10,5638
280,100,5648
281,-10,5669
282,-10,5707
283,100,5708
284,100,5723
285,-10,5746
286,-10,5762
287,-10,5779
288,-10,5798
289,-10,5818
290,-10,5842
291,-10,5864
292,-10,5883
293,-10,5920
294,-10,5935
295,-10,5958
296,-10,5975
297,-10,5993
298,-10,6018
299,-10,6038
300,-10,6059
301,-10,6081
302,-10,6094
303,-10,6123
304,-10,6141
305,-10,6160
306,-10,6184
307,-10,6207
308,-10,6226
309,-10,6250
310,-10,6284
311,100,6290
312,-10,6315
313,-10,6345
314,-10,6360
315,-10,6381
316,-10,6401
317,-10,6419
318,-10,6437
319,-10,6459
320,100,6462
321,100,6463
322,100,6464
323,-10,6483
324,-10,6505
325,-10,6523
326,100,6541
327,-10,6561
328,-10,6583
329,-10,6605
330,-10,6618
331,-10,6648
332,-10,6669
333,-10,6690
334,-10,6718
335,-10,6751
336,-10,6775
337,-10,6797
338,-10,6819
339,-10,6847
340,-10,6868
341,-10,6891
342,-10,6910
343,100,6933
344,-10,6961
345,-10,6992
346,-10,7012
347,100,7028
348,-10,7047
349,-10,7072
350,-10,7113
351,100,7114
352,-10,7134
353,-10,7152
354,-10,7171
355,-10,7199
356,-10,7216
357,100,7237
358,-10,7258
359,-10,7295
360,-10,7312
361,-10,7332
362,-10,7356
363,-10,7375
364,-10,7404
365,-10,7430
366,100,7448
367,-10,7468
368,-10,7509
369,100,7519
370,-10,7554
371,-10,7575
372,-10,7597
373,-10,7612
374,-10,7635
375,-10,7649
376,-10,7681
377,100,7687
378,-10,7708
379,-10,7728
380,-10,7750
381,100,7753
382,100,7758
383,-10,7777
384,-10,7796
385,-10,7813
386,-10,7833
387,-10,7864
388,100,7881
389,-10,7900
390,-10,7923
391,-10,7942
392,-10,7965
393,-10,7991
394,-10,8008
395,-10,8034
396,-10,8054
397,-10,8075
398,-10,8096
399,-10,8119
400,-10,8138
401,-10,8156
402,-10,8176
403,-10,8198
404,-10,8219
405,-10,8238
406,-10,8258
407,-10,8279
408,-10,8331
409,-10,8350
410,-10,8374
411,100,8377
412,-10,8408
413,-10,8431
414,-10,8450
415,-10,8472
416,-10,8489
417,-10,8502
418,-10,8526
419,-10,8547
420,-10,8576
421,-10,8603
422,-10,8651
423,-10,8670
424,100,8675
425,-10,8702
426,-10,8720
427,-10,8739
428,-10,8764
429,-10,8786
430,-10,8805
431,100,8809
432,100,8814
433,-10,8833
434,-10,8858
435,-10,8893
436,-10,8918
437,-10,8958
438,100,8962
439,100,8963
440,-10,8986
441,-10,9013
442,-10,9034
443,-10,9053
444,-10,9079
445,-10,9097
446,-10,9118
447,-10,9136
448,-10,9155
449,-10,9187
450,-10,9214
451,-10,9233
452,100,9244
453,-10,9267
454,100,9297
455,-10,9315
456,-10,9335
457,-10,9361
458,-10,9390
459,-10,9411
460,-10,9452
461,-10,9479
462,-10,9499
463,-10,9524
464,-10,9562
465,100,9567
466,-10,9587
467,-10,9617
468,-10,9638
469,100,9639
470,-10,9675
471,100,9685
472,100,9688
473,-10,9738
474,-10,9765
475,-10,9808
476,100,9811
477,-10,9857
478,-10,9883
479,-10,9906
480,-10,9933
481,-10,9946
482,-10,9975
483,-10,9999
484,-10,10017
485,-10,10055
486,-10,10088
487,-10,10107
488,100,10127
489,-10,10140
490,-10,10165
491,100,10178
492,100,10184
493,100,10185
494,100,10198
495,-10,10218
496,-10,10237
497,-10,10268
498,-10,10291
499,-10,10312
500,-10,10343
501,100,10363
502,100,10364
503,-10,10384
504,-10,10414
505,-10,10432
506,100,10448
507,-10,10487
508,-10,10508
509,-10,10524
510,-10,10548
511,100,10549
512,-10,10583
513,-10,10609
514,-10,10635
515,-10,10659
516,-10,10686
517,100,10692
518,-10,10710
519,-10,10730
520,100,10740
521,-10,10769
522,-10,10796
523,100,10801
524,-10,10827
525,-10,10847
526,-10,10871
527,-10,10889
528,-10,10938
529,-10,10973
530,-10,10996
531,-10,11020
532,-10,11040
533,-10,11062
534,-10,11081
535,-10,11106
536,-10,11126
537,-10,11144
538,100,11159
539,-10,11192
540,-10,11221
541,-10,11248
542,100,11251
543,-10,11277
544,100,11280
545,-10,11300
546,-10,11355
547,-10,11379
548,-10,11399
549,100,11410
550,-10,11437
551,-10,11467
552,-10,11492
553,-10,11523
554,-10,11552
555,100,11564
556,-10,11595
557,-10,11616
558,-10,11634
559,-10,11671
560,-10,11695
561,-10,11711
562,-10,11739
563,-10,11758
564,-10,11790
565,-10,11819
566,-10,11844
567,-10,11873
568,100,11876
569,-10,11894
570,-10,11918
571,-10,11940
572,-10,11960
573,-10,11994
574,-10,12013
575,-10,12038
576,100,12043
577,-10,12066
578,-10,12083
579,-10,12087
580,-10,12105
581,100,12124
582,-10,12150
583,-10,12168
584,100,12182
585,-10,12206
586,-10,12231
587,-10,12262
588,-10,12286
589,-10,12315
590,-10,12339
591,-10,12365
592,100,12388
593,-10,12420
594,-10,12448
595,100,12451
596,100,12463
597,-10,12483
598,-10,12511
599,-10,12525
600,100,12539
601,-10,12568
602,-10,12586
603,-10,12620
604,-10,12651
605,100,12652
606,-10,12675
607,-10,12703
608,100,12706
609,-10,12732
610,-10,12756
611,-10,12776
612,-10,12801
613,-10,12839
614,-10,12860
615,-10,12906
616,-10,12933
617,-10,12961
618,100,12980
619,-10,13018
620,-10,13055
621,-10,13097
622,-10,13134
623,-10,13158
624,-10,13192
625,-10,13215
626,-10,13234
627,-10,13328
628,-10,13365
629,-10,13391
630,-10,13428
631,-10,13452
632,100,13470
633,-10,13499
634,-10,13519
635,100,13524
636,-10,13539
637,100,13590
638,-10,13615
639,-10,13632
640,-10,13650
641,100,13653
642,-10,13673
643,100,13686
644,-10,13705
645,100,13708
646,-10,13734
647,-10,13755
648,-10,13775
649,-10,13792
650,100,13795
651,-10,13831
652,-10,13847
653,-10,13870
654,100,13873
655,100,13887
656,-10,13929
657,-10,13948
658,-10,13981
659,-10,14001
660,-10,14021
661,100,14024
662,-10,14043
663,-10,14065
664,-10,14099
665,100,14103
666,-10,14126
667,-10,14150
668,-10,14170
669,100,14189
670,-10,14210
671,100,14213
672,-10,14236
673,100,14239
674,-10,14268
675,-10,14288
676,-10,14304
677,-10,14349
678,-10,14370
679,-10,14393
680,-10,14418
681,-10,14442
682,-10,14456
683,-10,14478
684,-10,14497
685,100,14510
686,-10,14551
687,-10,14579
688,-10,14618
689,-10,14654
690,100,14655
691,-10,14689
692,-10,14735
693,-10,14772
694,-10,14787
695,100,14790
696,100,14808
697,-10,14850
698,-10,14912
699,-10,14944
700,-10,14965
701,-10,14994
702,-10,15023
703,100,15026
704,-10,15050
705,-10,15084
706,-10,15116
707,100,15120
708,100,15121
709,-10,15140
710,-10,15164
711,-10,15193
712,-10,15227
713,100,15236
714,100,15268
715,100,15271
716,-10,15292
717,-10,15326
718,-10,15362
719,-10,15378
720,-10,15398
721,100,15409
722,-10,15430
723,100,15450
724,-10,15475
725,-10,15495
726,100,15509
727,100,15517
728,-10,15540
729,-10,15562
730,-10,15606
731,100,15607
732,-10,15626
733,100,15637
734,100,15641
735,100,15646
736,-10,15667
737,-10,15691
738,-10,15717
739,100,15740
740,-10,15764
741,100,15765
742,100,15770
743,100,15781
744,-10,15793
745,-10,15822
746,100,15831
747,-10,15850
748,-10,15865
749,-10,15881
750,100,15907
751,-10,15955
752,-10,15978
753,100,15982
754,-10,16019
755,-10,16041
756,-10,16086
757,-10,16104
758,-10,16128
759,100,16142
760,-10,16172
761,-10,16210
762,-10,16230
763,-10,16262
764,-10,16318
765,100,16321
766,-10,16350
767,-10,16370
768,-10,16417
769,-10,16439
770,100,16445
771,-10,16501
772,-10,16540
773,-10,16582
774,-10,16622
775,-10,16636
776,-10,16666
777,-10,16730
778,-10,16750
779,-10,16781
780,-10,16801
781,-10,16827
782,100,16840
783,-10,16878
784,-10,16901
785,-10,16920
786,-10,16976
787,-10,17034
788,-10,17057
789,100,17058
790,-10,17082
791,100,17093
792,-10,17104
793,-10,17124
794,-10,17146
795,100,17147
796,100,17170
797,-10,17192
798,-10,17214
799,-10,17247
800,100,17254
801,-10,17285
802,100,17308
803,-10,17325
804,-10,17355
805,-10,17390
806,-10,17421
807,-10,17448
808,-10,17471
809,-10,17496
810,-10,17519
811,-10,17550
812,100,17555
813,-10,17580
814,100,17584
815,100,17595
816,-10,17615
817,-10,17638
818,-10,17656
819,-10,17692
820,-10,17716
821,-10,17731
822,-10,17758
823,100,17801
824,100,17813
825,-10,17838
826,-10,17853
827,-10,17890
828,-10,17917
829,-10,17947
830,100,17951
831,100,17961
832,100,17970
833,100,17978
834,-10,18004
835,-10,18029
836,-10,18053
837,100,18061
838,-10,18103
839,-10,18148
840,-10,18174
841,-10,18195
842,-10,18231
843,-10,18278
844,-10,18309
845,-10,18327
846,100,18342
847,100,18356
848,-10,18411
849,-10,18451
850,-10,18482
851,100,18512
852,-10,18532
853,100,18555
854,-10,18586
855,-10,18603
856,-10,18628
857,100,18639
858,-10,18660
859,-10,18683
860,-10,18707
861,-10,18727
862,-10,18762
863,-10,18796
864,100,18812
865,-10,18841
866,-10,18859
867,-10,18886
868,-10,18907
869,-10,18929
870,-10,18947
871,100,18954
872,-10,18977
873,-10,18994
874,-10,19031
875,-10,19045
876,100,19052
877,-10,19078
878,100,19079
879,-10,19125
880,-10,19175
881,100,19184
882,-10,19208
883,-10,19242
884,100,19254
885,-10,19267
886,-10,19294
887,-10,19310
888,100,19325
889,-10,19345
890,-10,19420
891,-10,19468
892,100,19474
893,-10,19491
894,-10,19523
895,100,19529
896,-10,19573
897,-10,19617
898,-10,19642
899,-10,19672
900,-10,19692
901,-10,19726
902,100,19733
903,100,19745
904,-10,19776
905,-10,19808
906,-10,19844
907,100,19863
908,100,19864
909,100,19885
910,100,19891
911,100,19892
912,-10,19934
913,100,19940
914,100,19947
915,100,19967
916,100,19978
917,-10,20014
918,100,20021
919,-10,20049
920,-10,20067
921,100,20087
922,-10,20136
923,-10,20178
924,100,20182
925,-10,20233
926,-10,20277
927,-10,20295
928,-10,20344
929,100,20348
930,-10,20375
931,100,20383
932,-10,20416
933,-10,20476
934,-10,20505
935,-10,20530
936,-10,20548
937,100,20552
938,-10,20605
939,100,20611
940,-10,20652
941,-10,20693
942,-10,20710
943,100,20802
944,-10,20831
945,100,20839
946,100,20873
947,-10,20895
948,100,20898
949,-10,20969
950,-10,20995
951,100,20999
952,100,21011
953,100,21028
954,-10,21059
955,100,21064
956,-10,21082
957,100,21083
958,100,21102
959,-10,21117
960,100,21122
961,100,21128
962,-10,21154
963,100,21164
964,100,21167
965,-10,21219
966,-10,21245
967,-10,21281
968,-10,21309
969,-10,21336
970,-10,21360
971,100,21371
972,-10,21419
973,-10,21453
974,100,21508
975,100,21512
976,-10,21545
977,100,21563
978,-10,21617
979,100,21618
980,-10,21647
981,100,21654
982,100,21665
983,-10,21690
984,100,21720
985,-10,21759
986,-10,21780
987,-10,21815
988,-10,21843
989,100,21844
990,-10,21867
991,-10,21887
992,100,21891
993,-10,21946
994,-10,21968
995,-10,21997
996,100,22009
997,100,22074
998,100,22075
999,100,22103
1000,-10,22146
1001,100,22182
1002,-10,22230
1003,100,22236
1004,-10,22260
1005,-10,22305
1006,-10,22354
1007,100,22387
1008,100,22398
1009,-10,22415
1010,100,22449
1011,-10,22476
1012,100,22487
1013,100,22504
1014,-10,22525
1015,100,22543
1016,100,22571
1017,100,22626
1018,100,22644
1019,100,22650
1020,-10,22696
1021,-10,22719
1022,-10,22753
1023,100,22756
1024,-10,22817
1025,-10,22845
1026,100,22852
1027,-10,22900
1028,100,22909
1029,-10,22935
1030,-10,22963
1031,-10,22985
1032,100,22995
1033,100,23037
1034,-10,23061
1035,100,23085
1036,100,23122
1037,100,23147
1038,-10,23166
1039,100,23170
1040,100,23198
1041,-10,23248
1042,100,23255
1043,-10,23281
1044,100,23291
1045,100,23314
1046,100,23333
1047,100,23343
1048,100,23392
1049,-10,23438
1050,-10,23460
1051,100,23466
1052,100,23486
1053,100,23490
1054,-10,23510
1055,100,23511
1056,100,23516
1057,-10,23566
1058,-10,23596
1059,-10,23617
1060,100,23624
1061,100,23646
1062,100,23675
1063,100,23695
1064,100,23759
1065,100,23763
1066,100,23782
1067,-10,23808
1068,100,23812
1069,-10,23835
1070,-10,23862
1071,-10,23906
1072,-10,23934
1073,-10,23958
1074,-10,24007
1075,100,24056
1076,100,24066
1077,-10,24097
1078,-10,24125
1079,-10,24145
1080,100,24149
1081,-10,24173
1082,100,24197
1083,-10,24216
1084,100,24241
1085,100,24259
1086,-10,24280
1087,100,24291
1088,100,24303
1089,-10,24327
1090,-10,24352
1091,100,24362
1092,100,24416
1093,100,24424
1094,100,24428
1095,100,24483
1096,100,24494
1097,100,24504
1098,100,24515
1099,-10,24539
1100,100,24566
1101,100,24578
1102,-10,24603
1103,100,24609
1104,-10,24637
1105,-10,24658
1106,-10,24682
1107,100,24710
1108,-10,24731
1109,100,24741
1110,100,24766
1111,100,24786
1112,-10,24813
1113,-10,24869
1114,100,24907
1115,100,24914
1116,100,24918
1117,-10,24939
1118,100,24975
1119,100,25001
1120,100,25015
1121,100,25026
1122,-10,25052
1123,100,25081
1124,100,25086
1125,100,25120
1126,100,25121
1127,100,25131
1128,100,25138
1129,-10,25155
1130,-10,25176
1131,100,25186
1132,100,25193
1133,100,25248
1134,100,25277
1135,-10,25329
1136,100,25381
1137,100,25438
1138,100,25475
1139,100,25541
1140,100,25553
1141,100,25578
1142,100,25588
1143,-10,25607
1144,-10,25630
1145,-10,25651
1146,100,25669
1147,-10,25720
1148,-10,25737
1149,100,25756
1150,-10,25796
1151,100,25797
1152,100,25800
1153,100,25813
1154,100,25851
1155,100,25892
1156,-10,25911
1157,-10,25944
1158,100,25970
1159,100,25986
1160,100,26002
1161,-10,26028
1162,100,26077
1163,100,26084
1164,100,26120
1165,-10,26139
1166,100,26191
1167,-10,26211
1168,100,26269
1169,100,26285
1170,100,26291
1171,-10,26328
1172,-10,26380
1173,100,26426
1174,100,26469
1175,100,26498
1176,100,26508
1177,100,26566
1178,100,26625
1179,100,26655
1180,100,26716
1181,100,26769
1182,100,26781
1183,-10,26833
1184,100,26844
1185,-10,26920
1186,100,26926
1187,100,26938
1188,100,26939
1189,100,26953
1190,100,26981
1191,100,26984
1192,100,27001
1193,-10,27046
1194,100,27063
1195,100,27118
1196,-10,27140
1197,100,27156
1198,-10,27199
1199,100,27207
1200,100,27252
1201,100,27306
1202,100,27312
1203,100,27361
1204,100,27423
1205,100,27452
1206,100,27462
1207,100,27478
1208,-10,27498
1209,100,27504
1210,-10,27525
1211,100,27529
1212,100,27541
1213,100,27603
1214,100,27621
1215,100,27626
1216,100,27646
1217,100,27670
1218,-10,27690
1219,100,27716
1220,100,27717
1221,100,27767
1222,100,27770
1223,100,27802
1224,100,27816
1225,100,27861
1226,100,27893
1227,100,27942
1228,100,27961
1229,100,27962
1230,100,27999
1231,100,28020
1232,100,28049
1233,-10,28098
1234,100,28114
1235,100,28126
1236,100,28180
1237,-10,28207
1238,100,28235
1239,-10,28264
1240,100,28276
1241,100,28310
1242,100,28362
1243,100,28391
1244,-10,28407
1245,100,28434
1246,100,28481
1247,100,28486
1248,100,28512
1249,100,28516
1250,100,28571
1251,100,28595
1252,-10,28623
1253,-10,28668
1254,100,28729
1255,100,28778
1256,100,28794
1257,100,28842
1258,100,28855
1259,100,28898
1260,100,28912
1261,100,28950
1262,100,29006
1263,100,29030
1264,100,29038
1265,100,29056
1266,100,29075
1267,100,29078
1268,100,29110
1269,100,29124
1270,-10,29178
1271,100,29229
1272,100,29237
1273,100,29243
1274,100,29247
1275,100,29277
1276,100,29304
1277,100,29344
1278,100,29359
1279,100,29367
1280,100,29374
1281,-10,29408
1282,100,29459
1283,100,29511
1284,100,29512
1285,100,29555
1286,100,29577
1287,100,29628
1288,100,29671
1289,100,29727
1290,100,29728
1291,-10,29749
1292,100,29796
1293,100,29814
1294,100,29857
1295,-10,29897
1296,100,29938
1297,100,29968
1298,100,30004
1299,100,30008
1300,-10,30031
1301,100,30042
1302,100,30103
1303,100,30159
1304,100,30203
1305,100,30208
1306,100,30265
1307,100,30292
1308,100,30295
1309,100,30350
1310,-10,30372
1311,100,30380
1312,100,30436
1313,100,30450
1314,100,30502
1315,100,30518
1316,-10,30546
1317,100,30574
1318,100,30603
1319,100,30632
1320,100,30639
1321,100,30694
1322,100,30707
1323,100,30760
1324,100,30792
1325,100,30802
1326,100,30808
1327,100,30819
1328,100,30868
1329,100,30914
1330,100,30957
1331,100,30967
1332,100,30980
1333,100,31040
1334,100,31103
1335,100,31148
1336,100,31156
1337,100,31202
1338,100,31203
1339,100,31250
1340,-10,31268
1341,100,31281
1342,100,31291
1343,100,31317
1344,100,31369
1345,100,31410
1346,100,31435
1347,100,31484
1348,100,31490
1349,100,31535
1350,100,31564
1351,100,31572
1352,100,31573
1353,100,31625
1354,100,31652
1355,100,31669
1356,100,31677
1357,100,31726
1358,100,31753
1359,-10,31796
1360,100,31804
1361,100,31847
1362,100,31908
1363,100,31929
1364,100,31949
1365,100,31977
1366,100,32013
1367,100,32058
1368,100,32086
1369,100,32087
1370,100,32118
1371,100,32154
1372,100,32217
1373,100,32224
1374,100,32251
1375,100,32306
1376,100,32312
1377,100,32335
1378,100,32374
1379,-10,32396
1380,100,32443
1381,100,32488
1382,100,32505
1383,100,32550
1384,100,32607
1385,100,32639
1386,100,32686
1387,100,32699
1388,-10,32741
1389,100,32788
1390,100,32799
1391,100,32836
1392,100,32847
1393,100,32862
1394,100,32885
1395,100,32892
1396,100,32920
1397,100,32930
1398,100,32967
1399,100,33002
1400,100,33031
1401,100,33077
1402,100,33102
1403,-10,33122
1404,100,33129
1405,100,33153
1406,100,33167
1407,100,33190
1408,100,33222
1409,100,33271
1410,100,33319
1411,100,33322
1412,100,33375
1413,100,33387
1414,100,33418
1415,100,33458
1416,100,33509
1417,100,33567
1418,-10,33613
1419,100,33651
1420,100,33708
1421,100,33714
1422,100,33764
1423,100,33817
1424,100,33859
1425,100,33889
1426,100,33899
1427,100,33910
1428,100,33915
1429,100,33930
1430,100,33974
1431,100,34029
1432,100,34046
1433,100,34056
1434,100,34062
1435,100,34101
1436,100,34114
1437,100,34147
1438,100,34157
1439,100,34214
1440,100,34219
1441,100,34248
1442,100,34299
1443,100,34348
1444,100,34351
1445,100,34381
1446,-10,34400
1447,100,34401
1448,100,34440
1449,100,34487
1450,100,34501
1451,100,34539
1452,100,34587
1453,100,34641
1454,100,34680
1455,100,34691
1456,100,34718
1457,100,34730
1458,100,34746
1459,100,34790
1460,100,34819
1461,100,34864
1462,100,34910
1463,100,34918
1464,100,34929
1465,100,34961
1466,100,34998
1467,100,35009
1468,100,35010
1469,100,35045
1470,100,35067
1471,100,35112
1472,100,35140
1473,100,35166
1474,100,35203
1475,100,35247
1476,100,35252
1477,100,35307
1478,100,35308
1479,100,35327
1480,100,35338
1481,100,35373
1482,100,35384
1483,100,35388
1484,100,35397
1485,100,35446
1486,100,35498
1487,100,35533
1488,100,35534
1489,100,35539
1490,100,35545
1491,100,35595
1492,100,35606
1493,100,35654
1494,100,35665
1495,100,35711
1496,100,35731
1497,100,35749
1498,100,35750
1499,100,35753
1500,100,35778
1501,100,35794
1502,100,35809
1503,100,35824
1504,100,35863
1505,100,35891
1506,100,35897
1507,100,35898
1508,100,35903
1509,100,35915
1510,100,35940
1511,100,35981
1512,100,36037
1513,100,36041
1514,100,36064
1515,100,36071
1516,100,36082
1517,-10,36116
1518,100,36142
1519,100,36154
1520,100,36180
1521,-10,36217
1522,100,36274
1523,100,36318
1524,100,36354
1525,100,36369
1526,100,36422
1527,100,36457
1528,100,36503
1529,100,36506
1530,100,36532
1531,100,36579
1532,100,36627
1533,100,36675
1534,100,36691
1535,100,36737
1536,100,36750
1537,100,36807
1538,-10,36846
1539,100,36849
1540,100,36867
1541,100,36921
1542,100,36968
1543,100,37002
1544,100,37019
1545,100,37059
1546,100,37060
1547,100,37081
1548,100,37124
1549,100,37147
1550,100,37152
1551,100,37164
1552,100,37188
1553,100,37230
1554,100,37252
1555,100,37256
1556,100,37304
1557,100,37351
1558,100,37367
1559,100,37411
1560,-10,37449
1561,-10,37486
1562,100,37511
1563,100,37512
1564,100,37550
1565,100,37554
1566,100,37576
1567,100,37617
1568,100,37628
1569,100,37652
1570,100,37663
1571,100,37719
1572,100,37728
1573,100,37775
1574,100,37801
1575,100,37818
1576,100,37870
1577,100,37915
1578,-10,37951
1579,-10,37987
1580,100,38010
1581,100,38015
1582,100,38037
1583,100,38044
1584,100,38074
1585,100,38077
1586,-10,38112
1587,100,38136
1588,100,38143
1589,100,38188
1590,100,38199
1591,100,38204
1592,100,38212
1593,100,38224
1594,100,38238
1595,100,38285
1596,100,38296
1597,100,38340
1598,100,38369
1599,100,38393
1600,100,38399
1601,100,38423
1602,100,38439
1603,100,38490
1604,100,38516
1605,-10,38559
1606,100,38575
1607,100,38576
1608,100,38585
1609,100,38633
1610,100,38656
1611,100,38660
1612,100,38666
1613,100,38680
1614,100,38687
1615,100,38690
1616,100,38693
1617,100,38722
1618,100,38757
1619,100,38758
1620,100,38787
1621,100,38788
1622,100,38789
1623,100,38801
1624,100,38828
1625,100,38858
1626,100,38906
1627,100,38922
1628,100,38967
1629,100,39026
1630,100,39037
1631,100,39073
1632,100,39090
1633,100,39112
1634,100,39168
1635,100,39181
1636,100,39214
1637,100,39268
1638,100,39280
1639,100,39310
1640,100,39334
1641,100,39376
1642,-10,39416
1643,-10,39439
1644,100,39516
1645,-10,39639
1646,100,39673
1647,100,39721
1648,100,39744
1649,100,39771
1650,100,39818
1651,-10,39865
1652,100,39888
1653,100,39899
1654,100,39909
1655,100,39941
1656,100,39968
1657,100,39999
1658,100,40038
1659,100,40057
1660,100,40094
1661,-10,40128
1662,100,40144
1663,100,40153
1664,100,40159
1665,100,40171
1666,100,40176
1667,100,40227
1668,100,40239
1669,100,40262
1670,100,40305
1671,-10,40339
1672,100,40358
1673,100,40384
1674,100,40430
1675,100,40440
1676,100,40467
1677,100,40515
1678,100,40540
1679,100,40581
1680,-10,40620
1681,100,40624
1682,100,40637
1683,100,40641
1684,100,40663
1685,-10,40681
1686,100,40768
1687,100,40798
1688,100,40799
1689,-10,40835
1690,100,40862
1691,100,40866
1692,100,40882
1693,100,40932
1694,100,40943
1695,100,40991
1696,100,41033
1697,100,41081
1698,100,41125
1699,100,41140
1700,100,41141
1701,100,41157
1702,100,41158
1703,100,41185
1704,100,41228
1705,100,41236
1706,100,41257
1707,100,41258
1708,100,41293
1709,100,41323
1710,100,41357
1711,100,41370
1712,100,41382
1713,100,41408
1714,100,41463
1715,100,41487
1716,100,41514
1717,100,41534
1718,100,41584
1719,100,41616
1720,100,41675
1721,100,41718
1722,-10,41756
1723,100,41759
1724,100,41771
1725,100,41778
1726,100,41825
1727,100,41867
1728,-10,41892
1729,100,41903
1730,100,41915
1731,100,41947
1732,100,41984
1733,100,41985
1734,100,42012
1735,100,42040
1736,-10,42061
1737,100,42110
1738,100,42145
1739,100,42170
1740,100,42185
1741,100,42191
1742,-10,42235
1743,100,42247
1744,-10,42269
1745,100,42314
1746,100,42331
1747,100,42342
1748,-10,42381
1749,100,42406
1750,100,42410
1751,-10,42448
1752,100,42493
1753,100,42494
1754,100,42556
1755,100,42572
1756,100,42619
1757,100,42822
1758,100,42833
1759,100,42862
1760,100,42874
1761,100,42905
1762,-10,42923
1763,100,42943
1764,100,42946
1765,100,42956
1766,100,42957
1767,100,42958
1768,-10,42979
1769,100,42988
1770,100,43003
1771,100,43034
1772,100,43067
1773,100,43084
1774,100,43118
1775,100,43141
1776,100,43183
1777,100,43193
1778,100,43220
1779,100,43250
1780,-10,43291
1781,-10,43312
1782,100,43325
1783,100,43368
1784,100,43381
1785,100,43408
1786,100,43418
1787,100,43432
1788,100,43463
1789,-10,43502
1790,100,43532
1791,100,43557
1792,100,43603
1793,100,43612
1794,100,43634
1795,100,43643
1796,100,43672
1797,100,43702
1798,-10,43724
1799,100,43747
1800,100,43773
1801,100,43820
1802,100,43845
1803,100,43848
1804,100,43862
1805,100,43872
1806,100,43902
1807,100,43912
1808,-10,43955
1809,100,43980
1810,100,44006
1811,100,44022
1812,100,44064
1813,100,44118
1814,100,44128
1815,100,44212
1816,100,44236
1817,100,44248
1818,100,44282
1819,100,44297
1820,100,44334
1821,100,44384
1822,100,44410
1823,100,44422
1824,100,44442
1825,100,44486
1826,100,44576
1827,-10,44620
1828,-10,44665
1829,-10,44686
1830,-10,44721
1831,100,44745
1832,100,44785
1833,-10,44806
1834,100,44824
1835,100,44870
1836,100,44883
1837,100,44898
1838,100,44926
1839,100,44937
1840,100,44942
1841,-10,44963
1842,100,44991
1843,100,45036
1844,100,45037
1845,100,45046
1846,100,45062
1847,100,45148
1848,100,45158
1849,100,45209
1850,100,45246
1851,100,45250
1852,100,45278
1853,100,45465
1854,100,45471
1855,-10,45535
1856,100,45556
1857,100,45577
1858,100,45610
1859,100,45656
1860,100,45688
1861,100,45707
1862,100,45737
1863,100,45763
1864,100,45810
1865,100,45811
1866,100,45848
1867,-10,45870
1868,100,45875
1869,100,45923
1870,100,45999
1871,100,46038
1872,100,46083
1873,100,46105
1874,100,46146
1875,-10,46166
1876,100,46213
1877,100,46249
1878,100,46278
1879,100,46304
1880,100,46309
1881,100,46334
1882,100,46346
1883,100,46347
1884,100,46348
1885,-10,46390
1886,100,46436
1887,100,46452
1888,100,46465
1889,100,46478
1890,100,46510
1891,-10,46528
1892,100,46544
1893,100,46581
1894,100,46631
1895,100,46665
1896,100,46704
1897,100,46779
1898,100,46815
1899,100,46826
1900,100,46851
1901,100,46903
1902,-10,46960
1903,-10,46984
1904,100,46988
1905,100,47012
1906,100,47070
1907,100,47102
1908,100,47105
1909,100,47152
1910,100,47173
1911,100,47191
1912,100,47219
1913,100,47236
1914,100,47255
1915,100,47292
1916,100,47320
1917,100,47332
1918,100,47347
1919,-10,47388
1920,100,47416
1921,100,47453
1922,100,47498
1923,100,47510
1924,-10,47529
1925,-10,47545
1926,-10,47567
1927,100,47615
1928,100,47618
1929,100,47651
1930,100,47688
1931,100,47744
1932,100,47757
1933,100,47761
1934,-10,47807
1935,-10,47869
1936,100,47882
1937,100,47894
1938,100,47907
1939,100,47936
1940,100,47979
1941,100,48005
1942,100,48058
1943,100,48091
1944,100,48130
1945,-10,48150
1946,100,48162
1947,100,48194
1948,100,48198
1949,100,48244
1950,100,48261
1951,100,48274
1952,100,48303
1953,-10,48342
1954,100,48356
1955,100,48403
1956,-10,48444
1957,100,48472
1958,100,48480
1959,100,48505
1960,100,48545
1961,100,48560
1962,100,48592
1963,100,48628
1964,100,48641
1965,100,48689
1966,-10,48732
1967,100,48759
1968,100,48810
1969,-10,48831
1970,100,48838
1971,100,48839
1972,100,48885
1973,100,48894
1974,100,48935
1975,100,48939
1976,100,48970
1977,100,48976
1978,100,49199
1979,100,49209
1980,100,49253
1981,100,49288
1982,100,49295
1983,100,49377
1984,100,49403
1985,100,49453
1986,-10,49496
1987,100,49505
1988,100,49548
1989,100,49563
1990,100,49597
1991,100,49636
1992,100,49641
1993,-10,49690
1994,100,49708
1995,100,49737
1996,100,49752
1997,100,49753
1998,100,49763
1999,100,49782
2000,100,49801
2001,100,49851
2002,100,49864
2003,100,49916
2004,100,49954
2005,100,50001
2006,100,50040
2007,-10,50102
2008,-10,50144
2009,100,50172
2010,100,50186
2011,100,50229
2012,-10,50271
2013,-10,50322
2014,100,50368
2015,100,50385
2016,100,50400
2017,100,50437
2018,100,50484
2019,-10,50525
2020,-10,50548
2021,100,50563
2022,100,50568
2023,100,50586
2024,100,50609
2025,100,50655
2026,100,50658
2027,100,50701
2028,100,50754
2029,100,50794
2030,100,50836
2031,100,50875
2032,100,50999
2033,100,51014
2034,-10,51060
2035,100,51112
2036,100,51142
2037,100,51199
2038,100,51242
2039,100,51269
2040,100,51295
2041,100,51299
2042,100,51303
2043,100,51347
2044,100,51393
2045,100,51445
2046,100,51448
2047,100,51479
2048,100,51494
2049,100,51513
2050,-10,51575
2051,100,51619
2052,100,51636
2053,100,51645
2054,100,51657
2055,100,51685
2056,100,51698
2057,-10,51741
2058,100,51771
2059,100,51780
2060,100,51804
2061,100,51833
2062,100,51872
2063,100,51897
2064,100,51906
2065,100,51952
2066,100,51963
2067,-10,51992
2068,100,52038
2069,100,52071
2070,100,52116
2071,100,52166
2072,100,52173
2073,100,52192
2074,100,52238
2075,100,52282
2076,100,52308
2077,100,52311
2078,100,52337
2079,-10,52382
2080,100,52398
2081,100,52446
2082,100,52458
2083,100,52471
2084,100,52486
2085,100,52525
2086,100,52537
2087,100,52581
2088,100,52600
2089,100,52621
2090,100,52668
2091,100,52714
2092,100,52746
2093,100,52792
2094,100,52844
2095,100,52851
2096,100,52852
2097,100,52891
2098,100,52924
2099,100,52957
2100,100,53008
2101,100,53015
2102,100,53055
2103,100,53106
2104,100,53131
2105,100,53171
2106,100,53210
2107,100,53239
2108,100,53245
2109,-10,53284
2110,100,53305
2111,100,53339
2112,100,53352
2113,100,53377
2114,100,53393
2115,100,53429
2116,100,53472
2117,100,53521
2118,100,53565
2119,100,53583
2120,-10,53605
2121,100,53618
2122,100,53648
2123,100,53661
2124,100,53704
2125,100,53723
2126,100,53774
2127,-10,53824
2128,100,53875
2129,100,53895
2130,-10,53959
2131,100,53960
2132,100,53992
2133,100,54042
2134,100,54084
2135,100,54096
2136,-10,54136
2137,-10,54182
2138,-10,54222
2139,100,54239
2140,100,54264
2141,100,54265
2142,100,54295
2143,100,54332
2144,100,54351
2145,100,54382
2146,100,54416
2147,100,54442
2148,100,54456
2149,100,54502
2150,100,54547
2151,100,54579
2152,-10,54622
2153,100,54707
2154,100,54708
2155,100,54729
2156,100,54776
2157,-10,54816
2158,100,54817
2159,100,54868
2160,100,54912
2161,-10,54957
2162,100,54994
2163,-10,55035
2164,100,55080
2165,100,55124
2166,100,55129
2167,100,55175
2168,100,55176
2169,100,55177
2170,100,55223
2171,100,55262
2172,100,55276
2173,100,55277
2174,100,55314
2175,100,55348
2176,100,55389
2177,100,55407
2178,100,55462
2179,100,55506
2180,100,55507
2181,100,55535
2182,100,55569
2183,100,55594
2184,100,55633
2185,100,55647
2186,-10,55687
2187,100,55735
2188,100,55752
2189,100,55782
2190,100,55825
2191,100,55868
2192,100,55881
2193,100,55895
2194,-10,55940
2195,100,55972
2196,100,56001
2197,100,56023
2198,100,56024
2199,100,56044
2200,100,56058
2201,100,56078
2202,100,56121
2203,100,56169
2204,100,56221
2205,100,56273
2206,100,56313
2207,100,56353
2208,100,56403
2209,100,56433
2210,100,56446
2211,100,56461
2212,100,56505
2213,100,56533
2214,100,56578
2215,100,56579
2216,100,56592
2217,100,56632
2218,100,56674
2219,100,56725
2220,100,56770
2221,100,56801
2222,100,56816
2223,100,56868
2224,100,56898
2225,-10,56942
2226,100,56973
2227,100,57023
2228,100,57030
2229,100,57053
2230,100,57104
2231,100,57105
2232,100,57156
2233,100,57172
2234,100,57193
2235,100,57199
2236,100,57242
2237,100,57284
2238,100,57334
2239,100,57382
2240,100,57425
2241,100,57475
2242,100,57528
2243,-10,57572
2244,100,57603
2245,100,57653
2246,100,57693
2247,-10,57739
2248,100,57781
2249,100,57785
2250,100,57831
2251,100,57846
2252,100,57873
2253,100,57874
2254,100,57875
2255,100,57920
2256,100,57935
2257,100,57975
2258,100,58005
2259,100,58053
2260,100,58057
2261,100,58112
2262,100,58143
2263,100,58169
2264,100,58181
2265,100,58195
2266,100,58199
2267,100,58237
2268,100,58249
2269,100,58282
2270,100,58317
2271,100,58334
2272,100,58375
2273,100,58378
2274,100,58406
2275,-10,58449
2276,100,58478
2277,100,58479
2278,100,58484
2279,100,58488
2280,100,58536
2281,100,58567
2282,100,58616
2283,100,58621
2284,100,58639
2285,100,58674
2286,100,58720
2287,100,58774
2288,100,58775
2289,100,58806
2290,100,58848
2291,100,58882
2292,100,58918
2293,100,58923
2294,100,58928
2295,100,58960
2296,100,58975
2297,100,58981
2298,100,59027
2299,100,59044
2300,100,59045
2301,100,59048
2302,100,59083
2303,100,59133
2304,-10,59176
2305,100,59183
2306,-10,59225
2307,100,59257
2308,100,59308
2309,100,59324
2310,100,59365
2311,-10,59409
2312,100,59459
2313,100,59473
2314,100,59494
2315,100,59524
2316,100,59555
2317,100,59573
2318,100,59601
2319,100,59616
2320,100,59644
2321,100,59674
2322,100,59728
2323,-10,59776
2324,100,59824
2325,100,59854
2326,100,59870
2327,100,59923
2328,100,59936
2329,100,59939
2330,100,59985
2331,-10,60030
2332,100,60077
2333,100,60111
2334,100,60167
2335,100,60227
2336,100,60260
2337,100,60314
2338,100,60369
2339,100,60405
2340,100,60413
2341,-10,60451
2342,100,60496
2343,100,60527
2344,100,60574
2345,100,60587
2346,100,60630
2347,100,60643
2348,100,60678
2349,-10,60724
2350,100,60728
2351,100,60743
2352,100,60761
2353,100,60810
2354,100,60858
2355,100,60887
2356,-10,60925
2357,100,60938
2358,100,60970
2359,100,61015
2360,100,61033
2361,100,61077
2362,100,61098
2363,100,61127
2364,100,61159
2365,100,61187
2366,100,61237
2367,100,61269
2368,100,61283
2369,-10,61320
2370,100,61324
2371,100,61380
2372,100,61424
2373,100,61465
2374,100,61546
2375,100,61577
2376,-10,61625
2377,100,61716
2378,100,61771
2379,100,61817
2380,100,61853
2381,100,61900
2382,100,61929
2383,100,61944
2384,100,61973
2385,100,62019
2386,100,62054
2387,100,62070
2388,100,62098
2389,100,62114
2390,100,62115
2391,100,62161
2392,100,62173
2393,-10,62213
2394,100,62266
2395,100,62304
2396,100,62310
2397,100,62326
2398,100,62379
2399,100,62393
2400,100,62420
2401,100,62448
2402,100,62466
2403,100,62549
2404,100,62600
2405,100,62628
2406,100,62678
2407,100,62727
2408,100,62760
2409,100,62793
2410,100,62831
2411,100,62849
2412,100,62869
2413,100,62906
2414,100,62949
2415,-10,62989
2416,100,62998
2417,100,63032
2418,100,63048
2419,100,63094
2420,100,63141
2421,-10,63185
2422,100,63210
2423,100,63257
2424,100,63274
2425,-10,63311
2426,100,63337
2427,100,63350
2428,100,63389
2429,100,63425
2430,100,63455
2431,100,63464
2432,100,63465
2433,100,63505
2434,100,63534
2435,100,63571
2436,100,63599
2437,100,63614
2438,100,63646
2439,100,63681
2440,100,63741
2441,100,63747
2442,100,63781
2443,100,63813
2444,-10,63857
2445,100,63862
2446,100,63908
2447,100,63954
2448,100,63999
2449,100,64010
2450,100,64030
2451,100,64037
2452,100,64067
2453,100,64079
2454,100,64109
2455,100,64149
2456,100,64205
2457,100,64222
2458,100,64265
2459,100,64314
2460,100,64351
2461,100,64388
2462,-10,64431
2463,100,64457
2464,100,64476
2465,100,64503
2466,100,64533
2467,100,64546
2468,100,64566
2469,100,64605
2470,100,64606
2471,100,64639
2472,100,64682
2473,100,64722
2474,100,64738
2475,100,64770
2476,100,64800
2477,100,64848
2478,100,64891
2479,100,64940
2480,100,64950
2481,100,64951
2482,100,64997
2483,100,65052
2484,100,65075
2485,100,65081
2486,100,65115
2487,100,65138
2488,100,65173
2489,100,65186
2490,100,65241
2491,-10,65284
2492,100,65305
2493,100,65350
2494,100,65383
2495,100,65426
2496,100,65430
2497,100,65433
2498,100,65451
2499,100,65502
2500,-10,65541
2501,100,65561
2502,100,65613
2503,100,65666
2504,100,65717
2505,100,65742
2506,100,65790
2507,100,65836
2508,100,65844
2509,100,65892
2510,100,65905
2511,100,65952
2512,100,65965
2513,100,65966
2514,100,66018
2515,-10,66054
2516,100,66079
2517,100,66091
2518,100,66102
2519,-10,66144
2520,100,66176
2521,100,66199
2522,-10,66238
2523,100,66260
2524,100,66275
2525,100,66280
2526,100,66281
2527,100,66311
2528,100,66384
2529,100,66424
2530,100,66438
2531,-10,66476
2532,100,66520
2533,100,66556
2534,100,66573
2535,100,66616
2536,100,66666
2537,100,66700
2538,100,66730
2539,100,66731
2540,100,66779
2541,100,66808
2542,-10,66850
2543,100,66855
2544,100,66900
2545,100,66907
2546,100,66950
2547,100,66951
2548,100,67000
2549,100,67035
2550,100,67069
2551,100,67084
2552,100,67091
2553,100,67101
2554,100,67145
2555,100,67159
2556,100,67190
2557,100,67204
2558,100,67222
2559,100,67256
2560,100,67270
2561,100,67292
2562,100,67333
2563,100,67361
2564,100,67422
2565,100,67471
2566,100,67502
2567,100,67550
2568,100,67594
2569,100,67619
2570,100,67636
2571,-10,67678
2572,100,67679
2573,100,67692
2574,100,67722
2575,-10,67766
2576,100,67783
2577,-10,67826
2578,100,67841
2579,100,67852
2580,100,67853
2581,100,67887
2582,100,67913
2583,100,67939
2584,100,67969
2585,-10,68009
2586,100,68048
2587,100,68100
2588,100,68113
2589,100,68155
2590,100,68206
2591,100,68244
2592,100,68292
2593,100,68348
2594,100,68358
2595,100,68409
2596,-10,68448
2597,100,68478
2598,100,68527
2599,100,68557
2600,100,68583
2601,100,68603
2602,100,68619
2603,100,68657
2604,100,68678
2605,100,68718
2606,100,68776
2607,100,68812
2608,100,68861
2609,100,68909
2610,100,68939
2611,100,68983
2612,100,69020
2613,100,69037
2614,100,69071
2615,100,69075
2616,100,69106
2617,100,69138
2618,100,69187
2619,100,69237
2620,100,69244
2621,-10,69275
2622,100,69318
2623,100,69323
2624,100,69363
2625,-10,69403
2626,100,69442
2627,100,69456
2628,100,69471
2629,100,69482
2630,-10,69526
2631,100,69570
2632,100,69610
2633,100,69642
2634,100,69643
2635,100,69670
2636,100,69682
2637,100,69704
2638,100,69707
2639,100,69708
2640,100,69766
2641,-10,69808
2642,100,69863
2643,100,69889
2644,100,69904
2645,100,69907
2646,100,69958
2647,100,69967
2648,100,69999
2649,100,70013
2650,100,70063
2651,100,70068
2652,100,70095
2653,100,70140
2654,100,70153
2655,100,70183
2656,100,70198
2657,100,70219
2658,-10,70256
2659,100,70257
2660,-10,70302
2661,-10,70338
2662,100,70385
2663,100,70433
2664,100,70445
2665,100,70498
2666,100,70530
2667,100,70533
2668,100,70578
2669,-10,70613
2670,-10,70659
2671,100,70703
2672,-10,70774
2673,100,70790
2674,100,70836
2675,100,70877
2676,100,70928
2677,100,70969
2678,100,71022
2679,100,71059
2680,100,71060
2681,100,71095
2682,100,71119
2683,100,71150
2684,100,71158
2685,100,71175
2686,100,71222
2687,100,71267
2688,100,71315
2689,100,71364
2690,100,71419
2691,100,71454
2692,100,71584
2693,-10,71625
2694,100,71657
2695,100,71664
2696,100,71703
2697,100,71722
2698,100,71769
2699,100,71799
2700,100,71807
2701,100,71859
2702,100,71873
2703,100,71905
2704,100,71938
2705,100,71954
2706,100,71975
2707,100,72020
2708,100,72074
2709,100,72082
2710,100,72126
2711,100,72143
2712,100,72174
2713,100,72180
2714,100,72193
2715,100,72232
2716,100,72236
2717,-10,72284
2718,100,72293
2719,100,72312
2720,100,72361
2721,100,72406
2722,100,72434
2723,100,72460
2724,100,72473
2725,100,72524
2726,100,72529
2727,100,72535
2728,100,72541
2729,100,72542
2730,100,72590
2731,100,72618
2732,-10,72660
2733,100,72716
2734,100,72735
2735,100,72767
2736,100,72781
2737,100,72814
2738,-10,72848
2739,100,72871
2740,100,72900
2741,100,72949
2742,100,72961
2743,-10,73001
2744,100,73053
2745,-10,73088
2746,-10,73126
2747,100,73171
2748,100,73196
2749,100,73246
2750,100,73285
2751,100,73329
2752,100,73347
2753,100,73364
2754,100,73390
2755,100,73445
2756,100,73451
2757,100,73468
2758,100,73520
2759,100,73572
2760,100,73611
2761,-10,73651
2762,100,73688
2763,100,73721
2764,100,73761
2765,100,73779
2766,100,73818
2767,-10,73856
2768,100,73857
2769,100,73879
2770,100,73929
2771,100,73971
2772,100,73975
2773,100,74038
2774,-10,74084
2775,100,74121
2776,100,74153
2777,-10,74192
2778,100,74244
2779,100,74245
2780,-10,74278
2781,100,74333
2782,-10,74374
2783,100,74406
2784,100,74445
2785,100,74490
2786,100,74507
2787,100,74519
2788,100,74550
2789,100,74584
2790,100,74643
2791,100,74672
2792,100,74700
2793,100,74745
2794,100,74793
2795,100,74835
2796,100,74840
2797,100,74862
2798,-10,74900
2799,100,74946
2800,100,74976
2801,100,74988
2802,100,75006
2803,100,75037
2804,100,75051
2805,100,75052
2806,100,75104
2807,100,75130
2808,100,75166
2809,100,75167
2810,100,75197
2811,100,75251
2812,100,75303
2813,100,75325
2814,100,75380
2815,100,75381
2816,100,75438
2817,100,75493
2818,100,75544
2819,100,75577
2820,100,75629
2821,100,75634
2822,100,75690
2823,100,75702
2824,100,75754
2825,100,75791
2826,100,75821
2827,100,75871
2828,100,75884
2829,100,75913
2830,100,75927
2831,100,75938
2832,100,75954
2833,100,75968
2834,100,75969
2835,100,76034
2836,100,76077
2837,100,76195
2838,100,76196
2839,100,76210
2840,-10,76251
2841,100,76301
2842,100,76334
2843,100,76380
2844,100,76381
2845,100,76390
2846,100,76438
2847,100,76439
2848,100,76486
2849,100,76515
2850,100,76516
2851,100,76543
2852,100,76592
2853,100,76610
2854,100,76640
2855,100,76667
2856,100,76670
2857,100,76723
2858,100,76750
2859,100,76794
2860,100,76812
2861,100,76818
2862,100,76831
2863,100,76884
2864,100,76927
2865,100,76967
2866,100,77012
2867,100,77059
2868,100,77075
2869,100,77112
2870,100,77159
2871,100,77192
2872,100,77226
2873,100,77240
2874,100,77248
2875,100,77286
2876,100,77300
2877,100,77316
2878,-10,77358
2879,100,77412
2880,100,77446
2881,-10,77506
2882,-10,77548
2883,-10,77583
2884,100,77633
2885,100,77660
2886,100,77700
2887,100,77720
2888,100,77763
2889,100,77797
2890,100,77824
2891,100,77864
2892,100,77888
2893,100,77930
2894,100,77961
2895,100,77974
2896,100,78005
2897,100,78063
2898,100,78075
2899,100,78118
2900,100,78158
2901,100,78178
2902,100,78189
2903,100,78239
2904,100,78273
2905,100,78310
2906,100,78360
2907,100,78380
2908,100,78419
2909,100,78434
2910,-10,78500
2911,100,78551
2912,100,78603
2913,100,78653
2914,100,78696
2915,100,78744
2916,100,78777
2917,100,78828
2918,100,78837
2919,100,78858
2920,-10,78899
2921,100,78946
2922,100,78991
2923,100,79013
2924,100,79030
2925,100,79079
2926,-10,79118
2927,100,79133
2928,100,79149
2929,100,79184
2930,100,79236
2931,-10,79272
2932,100,79303
2933,100,79304
2934,100,79309
2935,100,79359
2936,100,79389
2937,100,79437
2938,100,79447
2939,100,79460
2940,100,79495
2941,100,79532
2942,100,79569
2943,100,79593
2944,100,79607
2945,-10,79650
2946,100,79725
2947,100,79777
2948,100,79825
2949,100,79839
2950,100,79895
2951,100,79914
2952,100,79962
2953,100,80013
2954,100,80027
2955,-10,80069
2956,100,80122
2957,100,80149
2958,100,80168
2959,100,80223
2960,100,80277
2961,100,80321
2962,-10,80388
2963,-10,80425
2964,100,80452
2965,100,80485
2966,100,80539
2967,100,80543
2968,100,80595
2969,100,80626
2970,100,80659
2971,100,80685
2972,100,80738
2973,100,80780
2974,100,80812
2975,100,80851
2976,100,80902
2977,-10,80941
2978,100,80949
2979,100,80984
2980,100,80999
2981,100,81045
2982,100,81091
2983,100,81147
2984,100,81205
2985,100,81219
2986,100,81234
2987,100,81245
2988,100,81282
2989,100,81288
2990,100,81328
2991,100,81362
2992,100,81418
2993,100,81475
2994,100,81520
2995,100,81559
2996,100,81607
2997,100,81660
2998,100,81696
2999,100,81735
3000,100,81785
3001,100,81820
3002,100,81870
3003,100,81931
3004,100,81983
3005,100,81998
3006,100,82027
3007,100,82055
3008,100,82108
3009,100,82146
3010,100,82194
3011,100,82225
3012,100,82280
3013,100,82330
3014,100,82384
3015,100,82388
3016,100,82438
3017,100,82465
3018,100,82512
3019,100,82544
3020,100,82553
3021,-10,82598
3022,100,82633
3023,100,82636
3024,100,82664
3025,100,82702
3026,100,82749
3027,100,82780
3028,100,82808
3029,100,82819
3030,100,82830
3031,100,82837
3032,100,82838
3033,100,82847
3034,100,82888
3035,100,82936
3036,100,82967
3037,100,82968
3038,100,82997
3039,100,83074
3040,100,83119
3041,100,83167
3042,100,83189
3043,100,83205
3044,100,83219
3045,100,83268
3046,100,83317
3047,100,83368
3048,100,83422
3049,100,83423
3050,100,83434
3051,100,83482
3052,100,83604
3053,100,83632
3054,100,83679
3055,100,83715
3056,100,83746
3057,100,83751
3058,100,83773
3059,100,83787
3060,100,83831
3061,100,83837
3062,100,83866
3063,100,83878
3064,100,83888
3065,100,83937
3066,100,83970
3067,100,84009
3068,100,84044
3069,100,84083
3070,100,84088
3071,100,84100
3072,100,84142
3073,100,84192
3074,100,84263
3075,100,84312
3076,-10,84347
3077,100,84364
3078,100,84377
3079,100,84391
3080,100,84406
3081,100,84417
3082,100,84421
3083,100,84453
3084,100,84508
3085,100,84522
3086,100,84579
3087,100,84615
3088,100,84619
3089,100,84673
3090,100,84729
3091,100,84779
3092,100,84814
3093,100,84869
3094,100,84916
3095,100,84965
3096,100,85004
3097,100,85063
3098,100,85120
3099,100,85123
3100,100,85131
3101,100,85145
3102,100,85160
3103,100,85163
3104,100,85164
3105,100,85190
3106,100,85196
3107,100,85223
3108,100,85276
3109,100,85324
3110,100,85335
3111,100,85354
3112,100,85384
3113,100,85440
3114,100,85472
3115,100,85492
3116,100,85522
3117,-10,85559
3118,100,85592
3119,100,85598
3120,100,85613
3121,100,85620
3122,100,85625
3123,100,85677
3124,100,85732
3125,100,85784
3126,-10,85826
3127,100,85875
3128,100,85903
3129,100,85919
3130,100,85950
3131,100,85978
3132,100,86004
3133,100,86050
3134,100,86053
3135,100,86106
3136,100,86163
3137,100,86217
3138,100,86249
3139,-10,86287
3140,100,86351
3141,100,86381
3142,100,86418
3143,100,86450
3144,100,86465
3145,100,86497
3146,100,86502
3147,100,86519
3148,-10,86563
3149,100,86615
3150,100,86616
3151,100,86643
3152,100,86657
3153,100,86706
3154,100,86724
3155,100,86736
3156,100,86773
3157,100,86832
3158,100,86862
3159,100,86917
3160,100,86923
3161,100,86953
3162,100,86987
3163,100,87019
3164,100,87071
3165,100,87086
3166,100,87136
3167,100,87155
3168,100,87175
3169,100,87190
3170,100,87195
3171,100,87244
3172,100,87267
3173,100,87268
3174,100,87286
3175,100,87301
3176,100,87328
3177,100,87371
3178,100,87415
3179,100,87421
3180,100,87476
3181,100,87505
3182,100,87508
3183,100,87567
3184,100,87606
3185,100,87617
3186,100,87665
3187,100,87715
3188,100,87752
3189,100,87753
3190,100,87807
3191,100,87858
3192,100,87859
3193,100,87872
3194,100,87878
3195,100,87908
3196,100,87948
3197,100,87981
3198,100,87982
3199,100,87995
3200,100,88004
3201,100,88025
3202,100,88026
3203,100,88078
3204,100,88099
3205,-10,88137
3206,100,88150
3207,100,88170
3208,100,88181
3209,100,88197
3210,100,88247
3211,100,88292
3212,100,88324
3213,100,88380
3214,100,88393
3215,100,88424
3216,100,88474
3217,100,88503
3218,100,88554
3219,100,88607
3220,100,88624
3221,100,88637
3222,100,88667
3223,100,88680
3224,100,88689
3225,100,88718
3226,100,88762
3227,100,88808
3228,100,88837
3229,100,88873
3230,100,88900
3231,100,88954
3232,100,88955
3233,100,89004
3234,100,89052
3235,100,89099
3236,100,89131
3237,100,89146
3238,-10,89186
3239,100,89233
3240,100,89256
3241,100,89270
3242,100,89298
3243,100,89330
3244,100,89365
3245,100,89411
3246,100,89426
3247,100,89469
3248,100,89470
3249,100,89496
3250,100,89503
3251,100,89556
3252,100,89566
3253,100,89579
3254,100,89634
3255,100,89661
3256,100,89688
3257,-10,89724
3258,100,89728
3259,100,89735
3260,100,89748
3261,100,89795
3262,100,89842
3263,100,89853
3264,100,89854
3265,100,89901
3266,100,89930
3267,100,89970
3268,100,90027
3269,100,90066
3270,100,90086
3271,100,90147
3272,100,90150
3273,100,90180
3274,100,90227
3275,100,90261
3276,100,90308
3277,100,90346
3278,100,90369
3279,100,90378
3280,100,90409
3281,100,90463
3282,100,90480
3283,100,90521
3284,100,90527
3285,100,90556
3286,100,90598
3287,100,90630
3288,100,90673
3289,100,90688
3290,100,90740
3291,100,90751
3292,100,90781
3293,100,90782
3294,-10,90821
3295,100,90825
3296,100,90849
3297,100,90867
3298,100,90870
3299,100,90902
3300,100,90948
3301,100,90981
3302,100,91029
3303,100,91090
3304,100,91094
3305,-10,91140
3306,100,91145
3307,100,91216
3308,100,91245
3309,100,91249
3310,100,91278
3311,100,91279
3312,100,91311
3313,-10,91348
3314,100,91396
3315,100,91415
3316,100,91436
3317,100,91480
3318,100,91529
3319,100,91561
3320,100,91607
3321,100,91620
3322,100,91674
3323,-10,91713
3324,100,91758
3325,100,91765
3326,100,91813
3327,100,91860
3328,100,91932
3329,100,91978
3330,100,92006
3331,100,92010
3332,100,92040
3333,100,92053
3334,-10,92093
3335,100,92112
3336,100,92115
3337,100,92123
3338,100,92177
3339,100,92189
3340,100,92216
3341,100,92238
3342,100,92291
3343,100,92337
3344,100,92393
3345,100,92399
3346,-10,92445
3347,100,92468
3348,100,92518
3349,100,92548
3350,100,92561
3351,100,92591
3352,100,92644
3353,100,92699
3354,100,92713
3355,100,92763
3356,100,92817
3357,100,92851
3358,100,92909
3359,100,92944
3360,100,92955
3361,100,93000
3362,100,93046
3363,100,93081
3364,100,93084
3365,100,93097
3366,100,93101
3367,100,93154
3368,100,93207
3369,100,93227
3370,100,93284
3371,100,93332
3372,100,93366
3373,100,93379
3374,100,93426
3375,100,93464
3376,100,93513
3377,100,93556
3378,100,93604
3379,100,93651
3380,100,93665
3381,100,93718
3382,100,93762
3383,100,93768
3384,100,93797
3385,100,93822
3386,100,93836
3387,100,93848
3388,100,93908
3389,100,93941
3390,100,93970
3391,100,93978
3392,100,93995
3393,100,94008
3394,100,94055
3395,100,94075
3396,100,94089
3397,100,94131
3398,-10,94173
3399,100,94180
3400,100,94196
3401,100,94254
3402,100,94267
3403,100,94284
3404,100,94328
3405,100,94344
3406,100,94377
3407,100,94415
3408,100,94463
3409,100,94530
3410,100,94567
3411,100,94640
3412,100,94641
3413,100,94654
3414,100,94655
3415,100,94703
3416,-10,94740
3417,100,94800
3418,100,94848
3419,100,94858
3420,100,94917
3421,100,94972
3422,100,94991
3423,100,94995
3424,100,94998
3425,100,95009
3426,100,95058
3427,100,95090
3428,100,95091
3429,100,95103
3430,-10,95140
3431,100,95165
3432,100,95220
3433,100,95268
3434,100,95327
3435,100,95389
3436,100,95422
3437,100,95436
3438,100,95457
3439,100,95486
3440,100,95495
3441,-10,95561
3442,100,95571
3443,100,95599
3444,100,95643
3445,100,95646
3446,100,95658
3447,-10,95698
3448,100,95748
3449,100,95799
3450,100,95849
3451,100,95881
3452,100,95905
3453,100,95925
3454,100,95971
3455,-10,96023
3456,100,96056
3457,100,96082
3458,100,96093
3459,100,96107
3460,100,96117
3461,100,96141
3462,100,96157
3463,100,96185
3464,100,96190
3465,100,96238
3466,100,96293
3467,100,96303
3468,100,96313
3469,100,96333
3470,100,96347
3471,100,96367
3472,100,96400
3473,100,96449
3474,100,96463
3475,100,96513
3476,100,96561
3477,100,96564
3478,100,96569
3479,100,96581
3480,100,96596
3481,100,96619
3482,100,96631
3483,100,96645
3484,100,96704
3485,100,96753
3486,100,96773
3487,-10,96813
3488,100,96826
3489,100,96833
3490,100,96844
3491,100,96852
3492,100,96867
3493,100,96908
3494,100,96962
3495,100,96989
3496,100,97010
3497,100,97043
3498,100,97055
3499,100,97107
3500,100,97143
3501,100,97189
3502,100,97249
3503,100,97352
3504,100,97355
3505,100,97388
3506,-10,97436
3507,100,97456
3508,100,97486
3509,100,97517
3510,100,97520
3511,100,97572
3512,100,97600
3513,100,97639
3514,100,97666
3515,100,97697
3516,100,97710
3517,100,97765
3518,100,97815
3519,100,97830
3520,100,97880
3521,100,97881
3522,100,97884
3523,100,97922
3524,100,97972
3525,100,98029
3526,100,98044
3527,100,98107
3528,100,98108
3529,100,98112
3530,100,98172
3531,100,98198
3532,100,98248
3533,100,98291
3534,100,98300
3535,100,98342
3536,100,98389
3537,100,98423
3538,100,98458
3539,100,98518
3540,100,98575
3541,100,98583
3542,100,98640
3543,100,98695
3544,100,98714
3545,100,98726
3546,100,98748
3547,100,98777
3548,100,98792
3549,100,98798
3550,-10,98832
3551,100,98860
3552,100,98904
3553,100,98918
3554,100,98972
3555,100,99009
3556,100,99049
3557,100,99100
3558,100,99158
3559,100,99188
3560,100,99236
3561,100,99256
3562,100,99288
3563,100,99300
3564,100,99338
3565,100,99339
3566,100,99361
3567,100,99407
3568,100,99422
3569,100,99484
3570,100,99503
3571,100,99554
3572,100,99570
3573,100,99603
3574,100,99616
3575,100,99631
3576,100,99663
3577,100,99721
3578,100,99725
3579,100,99774
3580,100,99824
3581,100,99838
3582,100,99855
3583,100,99873
3584,100,99884
3585,100,99911
3586,100,99919
3587,100,99963
3588,100,99977
3589,100,99980
3590,100,100030
3591,100,100048
3592,100,100106
3593,100,100119
3594,100,100129
3595,100,100167
3596,100,100204
3597,100,100214
3598,100,100228
3599,100,100243
3600,100,100256
3601,100,100287
3602,100,100298
3603,100,100306
3604,100,100355
3605,100,100375
3606,100,100380
3607,100,100426
3608,100,100431
3609,100,100443
3610,100,100504
3611,100,100526
3612,100,100578
3613,100,100620
3614,100,100686
3615,100,100719
3616,100,100774
3617,100,100816
3618,100,100870
3619,100,100871
3620,100,101026
3621,100,101057
3622,100,101084
3623,-10,101131
3624,100,101185
3625,100,101238
3626,100,101289
3627,100,101323
3628,100,101351
3629,100,101367
3630,100,101417
3631,100,101424
3632,100,101457
3633,100,101493
3634,100,101504
3635,-10,101643
3636,100,101683
3637,100,101727
3638,100,101741
3639,100,101786
3640,100,101798
3641,100,101821
3642,100,101835
3643,100,101869
3644,100,101879
3645,100,101909
3646,100,101960
3647,100,102016
3648,100,102065
3649,100,102077
3650,100,102115
3651,100,102150
3652,100,102182
3653,100,102194
3654,100,102235
3655,100,102256
3656,100,102315
3657,100,102361
3658,100,102394
3659,100,102419
3660,100,102479
3661,100,102528
3662,100,102529
3663,100,102533
3664,100,102572
3665,100,102599
3666,100,102663
3667,100,102698
3668,100,102747
3669,100,102763
3670,100,102764
3671,100,102780
3672,100,102831
3673,100,102875
3674,100,102933
3675,100,102946
3676,100,102974
3677,100,103017
3678,100,103061
3679,100,103094
3680,100,103111
3681,100,103160
3682,100,103210
3683,100,103264
3684,100,103322
3685,100,103323
3686,100,103337
3687,100,103386
3688,100,103400
3689,100,103427
3690,100,103439
3691,100,103457
3692,100,103486
3693,100,103490
3694,100,103504
3695,100,103513
3696,100,103522
3697,100,103562
3698,100,103598
3699,100,103628
3700,100,103629
3701,100,103650
3702,100,103668
3703,100,103674
3704,100,103711
3705,100,103720
3706,100,103733
3707,100,103788
3708,100,103837
3709,100,103887
3710,100,103900
3711,100,103944
3712,100,103945
3713,100,103948
3714,100,104002
3715,100,104054
3716,100,104057
3717,-10,104104
3718,100,104113
3719,100,104121
3720,100,104168
3721,100,104218
3722,100,104263
3723,100,104272
3724,100,104283
3725,100,104334
3726,100,104348
3727,100,104372
3728,100,104422
3729,100,104450
3730,100,104464
3731,100,104520
3732,100,104554
3733,100,104559
3734,100,104562
3735,100,104601
3736,100,104626
3737,100,104678
3738,100,104707
3739,100,104737
3740,100,104792
3741,100,104830
3742,100,104849
3743,100,104862
3744,100,104909
3745,100,104962
3746,100,104990
3747,100,105020
3748,100,105075
3749,100,105102
3750,100,105129
3751,100,105188
3752,100,105206
3753,100,105259
3754,100,105307
3755,100,105354
3756,100,105403
3757,100,105424
3758,100,105431
3759,100,105450
3760,100,105477
3761,100,105481
3762,100,105517
3763,100,105529
3764,100,105548
3765,100,105549
3766,100,105561
3767,100,105562
3768,100,105569
3769,100,105583
3770,100,105604
3771,100,105662
3772,100,105715
3773,100,105768
3774,100,105823
3775,100,105871
3776,100,105882
3777,100,105883
3778,100,105894
3779,100,105899
3780,100,105956
3781,100,105974
3782,100,106026
3783,100,106036
3784,100,106078
3785,100,106079
3786,100,106106
3787,100,106150
3788,100,106207
3789,100,106219
3790,100,106249
3791,100,106301
3792,100,106313
3793,100,106333
3794,100,106344
3795,100,106358
3796,100,106364
3797,100,106412
3798,100,106464
3799,100,106488
3800,100,106505
3801,100,106525
3802,100,106528
3803,100,106553
3804,100,106602
3805,100,106653
3806,100,106657
3807,100,106672
3808,100,106724
3809,100,106736
3810,100,106779
3811,100,106790
3812,100,106803
3813,100,106851
3814,100,106888
3815,100,106895
3816,100,106922
3817,100,106927
3818,100,106960
3819,100,107018
3820,100,107040
3821,100,107070
3822,100,107121
3823,100,107169
3824,100,107190
3825,100,107235
3826,100,107269
3827,100,107281
3828,100,107331
3829,100,107335
3830,100,107388
3831,100,107450
3832,100,107506
3833,100,107512
3834,100,107527
3835,100,107562
3836,100,107591
3837,100,107598
3838,100,107611
3839,100,107628
3840,100,107679
3841,100,107692
3842,-10,107740
3843,100,107754
3844,100,107786
3845,100,107823
3846,100,107842
3847,100,107877
3848,100,107896
3849,100,107956
3850,100,108005
3851,100,108011
3852,100,108061
3853,100,108115
3854,100,108165
3855,100,108172
3856,100,108209
3857,100,108220
3858,100,108221
3859,100,108248
3860,100,108279
3861,100,108326
3862,100,108374
3863,100,108394
3864,100,108456
3865,100,108508
3866,100,108567
3867,100,108609
3868,100,108665
3869,100,108669
3870,100,108721
3871,100,108726
3872,100,108781
3873,100,108801
3874,100,108810
3875,100,108859
3876,100,108887
3877,100,108920
3878,100,108938
3879,100,108943
3880,100,108960
3881,100,108983
3882,100,109009
3883,100,109046
3884,100,109108
3885,100,109115
3886,100,109145
3887,100,109146
3888,100,109180
3889,100,109196
3890,100,109252
3891,100,109301
3892,-10,109419
3893,100,109446
3894,100,109466
3895,100,109475
3896,100,109503
3897,100,109550
3898,-10,109663
3899,100,109670
3900,100,109693
3901,100,109724
3902,100,109763
3903,100,109785
3904,100,109836
3905,100,109873
3906,100,109916
3907,100,109963
3908,100,110014
3909,100,110074
3910,100,110111
3911,100,110141
3912,100,110151
3913,100,110173
3914,100,110223
3915,-10,110265
3916,100,110285
3917,100,110335
3918,100,110389
3919,100,110416
3920,100,110471
3921,100,110485
3922,100,110540
3923,100,110548
3924,100,110579
3925,100,110621
3926,100,110669
3927,100,110677
3928,100,110695
3929,100,110709
3930,100,110765
3931,100,110783
3932,100,110833
3933,100,110887
3934,100,110937
3935,100,110940
3936,100,110996
3937,100,111044
3938,100,111079
3939,100,111104
3940,100,111131
3941,100,111160
3942,-10,111199
3943,100,111236
3944,100,111256
3945,100,111308
3946,100,111348
3947,100,111374
3948,100,111417
3949,100,111445
3950,100,111493
3951,100,111523
3952,100,111541
3953,100,111587
3954,100,111618
3955,100,111637
3956,100,111652
3957,100,111653
3958,100,111703
3959,100,111751
3960,100,111804
3961,100,111819
3962,100,111869
3963,100,111900
3964,100,111937
3965,100,111968
3966,100,111977
3967,100,112035
3968,100,112081
3969,100,112116
3970,100,112164
3971,100,112215
3972,100,112241
3973,100,112254
3974,100,112293
3975,100,112341
3976,100,112379
3977,100,112420
3978,100,112457
3979,100,112488
3980,100,112502
3981,100,112503
3982,100,112561
3983,100,112593
3984,100,112624
3985,100,112678
3986,100,112737
3987,100,112743
3988,100,112757
3989,100,112813
3990,100,112868
3991,-10,112913
3992,100,112967
3993,100,113001
3994,100,113029
3995,100,113045
3996,100,113051
3997,100,113052
3998,100,113107
3999,100,113167
4000,100,113194
4001,100,113213
4002,100,113248
4003,100,113299
4004,100,113328
4005,100,113362
4006,100,113394
4007,100,113451
4008,100,113510
4009,100,113537
4010,100,113586
4011,100,113597
4012,100,113650
4013,100,113701
4014,100,113752
4015,100,113756
4016,100,113763
4017,100,113817
4018,100,113826
4019,100,113839
4020,100,113885
4021,100,113891
4022,100,113904
4023,100,113946
4024,100,113977
4025,100,114005
4026,100,114035
4027,100,114040
4028,100,114060
4029,100,114095
4030,100,114106
4031,100,114138
4032,100,114163
4033,100,114201
4034,100,114204
4035,100,114258
4036,100,114297
4037,100,114298
4038,100,114330
4039,100,114347
4040,100,114374
4041,100,114377
4042,100,114412
4043,100,114419
4044,100,114460
4045,100,114491
4046,100,114547
4047,100,114567
4048,100,114611
4049,100,114659
4050,100,114713
4051,100,114762
4052,100,114815
4053,100,114872
4054,100,114923
4055,100,114936
4056,100,114942
4057,100,114983
4058,100,115032
4059,100,115046
4060,100,115071
4061,100,115119
4062,100,115124
4063,100,115149
4064,-10,115186
4065,100,115242
4066,100,115243
4067,100,115258
4068,100,115290
4069,100,115298
4070,100,115314
4071,100,115319
4072,100,115322
4073,-10,115365
4074,100,115421
4075,100,115422
4076,100,115468
4077,100,115482
4078,100,115526
4079,100,115527
4080,100,115530
4081,100,115531
4082,100,115580
4083,100,115586
4084,-10,115630
4085,100,115659
4086,100,115694
4087,100,115723
4088,100,115732
4089,100,115762
4090,100,115793
4091,100,115812
4092,100,115867
4093,100,115881
4094,100,115933
4095,100,115982
4096,100,116028
4097,100,116035
4098,100,116081
4099,100,116099
4100,100,116145
4101,100,116206
4102,100,116265
4103,100,116306
4104,100,116315
4105,100,116318
4106,100,116364
4107,100,116371
4108,100,116416
4109,100,116449
4110,-10,116556
4111,100,116569
4112,100,116621
4113,100,116653
4114,100,116681
4115,100,116728
4116,100,116746
4117,100,116780
4118,100,116811
4119,100,116822
4120,100,116851
4121,100,116904
4122,100,116929
4123,100,116965
4124,100,117013
4125,100,117043
4126,100,117057
4127,100,117106
4128,100,117152
4129,100,117210
4130,100,117259
4131,100,117289
4132,100,117337
4133,100,117352
4134,100,117358
4135,100,117403
4136,100,117460
4137,100,117478
4138,100,117506
4139,100,117520
4140,100,117546
4141,100,117553
4142,100,117584
4143,100,117592
4144,100,117604
4145,100,117641
4146,100,117642
4147,100,117672
4148,100,117675
4149,100,117706
4150,100,117755
4151,100,117770
4152,100,117787
4153,100,117838
4154,100,117889
4155,100,117938
4156,100,117988
4157,100,118026
4158,-10,118060
4159,100,118104
4160,100,118154
4161,100,118175
4162,100,118201
4163,100,118258
4164,100,118259
4165,100,118315
4166,100,118363
4167,100,118364
4168,100,118367
4169,100,118408
4170,100,118461
4171,100,118474
4172,100,118485
4173,100,118537
4174,100,118549
4175,100,118591
4176,100,118642
4177,100,118684
4178,100,118738
4179,100,118751
4180,100,118757
4181,100,118769
4182,100,118785
4183,100,118811
4184,100,118819
4185,100,118825
4186,100,118858
4187,100,118886
4188,100,118905
4189,100,118956
4190,100,118986
4191,100,119010
4192,100,119023
4193,100,119074
4194,100,119129
4195,100,119186
4196,100,119237
4197,100,119248
4198,100,119294
4199,100,119324
4200,100,119355
4201,100,119359
4202,100,119373
4203,100,119419
4204,-10,119459
4205,100,119460
4206,100,119502
4207,100,119550
4208,100,119608
4209,100,119656
4210,100,119708
4211,100,119761
4212,100,119790
4213,-10,119829
4214,100,119888
4215,100,119900
4216,100,119948
4217,100,120004
4218,100,120054
4219,100,120081
4220,100,120084
4221,100,120093
4222,100,120126
4223,100,120158
4224,100,120205
4225,100,120249
4226,100,120265
4227,100,120269
4228,100,120307
4229,100,120361
4230,100,120389
4231,100,120408
4232,100,120434
4233,100,120463
4234,100,120516
4235,100,120571
4236,100,120579
4237,100,120609
4238,100,120663
4239,100,120717
4240,100,120758
4241,100,120806
4242,100,120840
4243,100,120888
4244,100,120939
4245,100,120978
4246,100,121026
4247,100,121074
4248,100,121075
4249,100,121128
4250,100,121135
4251,100,121136
4252,100,121188
4253,100,121240
4254,100,121289
4255,100,121344
4256,100,121376
4257,100,121412
4258,100,121465
4259,100,121524
4260,100,121556
4261,100,121603
4262,100,121647
4263,100,121660
4264,100,121672
4265,100,121731
4266,100,121741
4267,100,121792
4268,100,121827
4269,100,121840
4270,100,121874
4271,100,121925
4272,100,121975
4273,100,122032
4274,100,122033
4275,100,122089
4276,100,122127
4277,100,122130
4278,100,122181
4279,100,122219
4280,100,122225
4281,-10,122253
4282,100,122302
4283,100,122349
4284,100,122400
4285,100,122422
4286,100,122468
4287,100,122477
4288,100,122510
4289,100,122518
4290,100,122539
4291,100,122565
4292,100,122578
4293,100,122605
4294,100,122625
4295,100,122679
4296,100,122707
4297,100,122762
4298,100,122770
4299,100,122811
4300,100,122859
4301,100,122875
4302,100,122882
4303,100,122890
4304,100,122950
4305,100,123001
4306,100,123054
4307,100,123086
4308,-10,123119
4309,100,123152
4310,100,123180
4311,100,123189
4312,100,123241
4313,100,123272
4314,100,123327
4315,100,123373
4316,100,123402
4317,100,123411
4318,100,123424
4319,100,123433
4320,100,123448
4321,100,123500
4322,100,123556
4323,100,123568
4324,100,123609
4325,100,123640
4326,100,123655
4327,100,123691
4328,100,123692
4329,100,123699
4330,100,123723
4331,100,123753
4332,100,123766
4333,100,123779
4334,100,123822
4335,100,123849
4336,100,123907
4337,100,123920
4338,100,123957
4339,100,123975
4340,100,124024
4341,100,124035
4342,100,124062
4343,100,124068
4344,100,124097
4345,100,124115
4346,100,124129
4347,100,124153
4348,100,124167
4349,100,124216
4350,100,124223
4351,100,124281
4352,100,124291
4353,100,124297
4354,100,124343
4355,100,124344
4356,100,124379
4357,100,124428
4358,100,124476
4359,100,124511
4360,100,124539
4361,100,124549
4362,100,124578
4363,100,124589
4364,100,124617
4365,100,124629
4366,100,124675
4367,100,124737
4368,100,124783
4369,100,124810
4370,100,124859
4371,100,124906
4372,100,124956
4373,100,125015
4374,100,125021
4375,100,125051
4376,100,125082
4377,100,125126
4378,-10,125131
4379,100,125147
4380,100,125199
4381,100,125203
4382,100,125231
4383,100,125264
4384,100,125301
4385,100,125309
4386,100,125338
4387,100,125382
4388,100,125399
4389,100,125425
4390,100,125440
4391,100,125441
4392,100,125476
4393,100,125483
4394,100,125495
4395,100,125528
4396,100,125550
4397,100,125586
4398,100,125592
4399,100,125646
4400,100,125674
4401,100,125696
4402,100,125703
4403,100,125732
4404,100,125736
4405,100,125792
4406,100,125843
4407,100,125881
4408,100,125933
4409,100,125934
4410,100,125964
4411,100,125965
4412,100,126003
4413,100,126058
4414,100,126100
4415,100,126120
4416,100,126121
4417,100,126152
4418,100,126159
4419,100,126175
4420,100,126229
4421,100,126289
4422,100,126302
4423,100,126326
4424,100,126332
4425,100,126386
4426,100,126432
4427,100,126481
4428,100,126536
4429,100,126583
4430,100,126594
4431,100,126605
4432,100,126612
4433,100,126624
4434,100,126636
4435,100,126655
4436,100,126668
4437,100,126712
4438,100,126713
4439,100,126717
4440,100,126722
4441,100,126782
4442,100,126796
4443,100,126815
4444,100,126848
4445,100,126907
4446,100,126972
4447,100,126984
4448,100,127019
4449,100,127050
4450,100,127062
4451,100,127112
4452,100,127138
4453,100,127193
4454,100,127227
4455,100,127262
4456,100,127318
4457,100,127368
4458,100,127415
4459,100,127453
4460,100,127506
4461,100,127517
4462,100,127570
4463,100,127594
4464,100,127651
4465,100,127654
4466,100,127660
4467,100,127673
4468,100,127687
4469,100,127713
4470,100,127714
4471,100,127740
4472,-10,127763
4473,100,127811
4474,100,127822
4475,100,127854
4476,100,127866
4477,100,127917
4478,-10,127948
4479,100,127996
4480,100,128004
4481,100,128049
4482,100,128061
4483,100,128066
4484,100,128099
4485,100,128100
4486,100,128128
4487,100,128183
4488,100,128198
4489,100,128227
4490,100,128244
4491,100,128245
4492,100,128302
4493,100,128330
4494,100,128347
4495,-10,128408
4496,100,128412
4497,100,128413
4498,100,128467
4499,100,128478
4500,100,128542
4501,100,128543
4502,100,128571
4503,100,128587
4504,100,128593
4505,100,128605
4506,100,128621
4507,100,128662
4508,100,128663
4509,100,128680
4510,100,128687
4511,100,128714
4512,100,128722
4513,100,128735
4514,100,128784
4515,100,128803
4516,100,128844
4517,100,128890
4518,100,128906
4519,100,128956
4520,100,128962
4521,100,129004
4522,100,129013
4523,100,129021
4524,100,129029
4525,100,129088
4526,100,129122
4527,100,129159
4528,100,129172
4529,100,129213
4530,100,129219
4531,100,129259
4532,100,129313
4533,100,129331
4534,100,129350
4535,100,129404
4536,100,129421
4537,100,129434
4538,100,129463
4539,100,129492
4540,100,129522
4541,100,129578
4542,100,129636
4543,100,129663
4544,100,129698
4545,100,129751
4546,100,129760
4547,100,129790
4548,100,129797
4549,100,129809
4550,100,129844
4551,100,129845
4552,100,129849
4553,100,129883
4554,100,129901
4555,100,129955
4556,100,130004
4557,100,130012
4558,100,130066
4559,100,130067
4560,100,130112
4561,100,130158
4562,100,130211
4563,100,130225
4564,100,130241
4565,100,130242
4566,100,130257
4567,100,130292
4568,100,130330
4569,100,130384
4570,100,130388
4571,100,130437
4572,100,130448
4573,100,130461
4574,100,130480
4575,100,130515
4576,100,130551
4577,100,130562
4578,100,130593
4579,100,130641
4580,100,130653
4581,100,130710
4582,100,130764
4583,100,130804
4584,100,130854
4585,100,130880
4586,100,130916
4587,100,130935
4588,100,130961
4589,100,130962
4590,100,130983
4591,100,131000
4592,100,131049
4593,100,131102
4594,100,131154
4595,100,131165
4596,100,131213
4597,100,131244
4598,100,131252
4599,100,131259
4600,100,131267
4601,100,131281
4602,100,131295
4603,100,131299
4604,100,131330
4605,100,131343
4606,100,131391
4607,100,131441
4608,100,131496
4609,100,131509
4610,100,131522
4611,100,131577
4612,100,131606
4613,100,131607
4614,100,131621
4615,100,131656
4616,100,131686
4617,100,131708
4618,100,131759
4619,100,131814
4620,100,131849
4621,100,131872
4622,100,131929
4623,100,131930
4624,100,131978
4625,100,131998
4626,100,132053
4627,100,132062
4628,100,132127
4629,100,132183
4630,100,132216
4631,100,132270
4632,100,132284
4633,100,132314
4634,100,132362
4635,100,132402
4636,-10,132451
4637,100,132497
4638,100,132501
4639,100,132552
4640,100,132560
4641,100,132612
4642,100,132620
4643,100,132640
4644,100,132647
4645,100,132693
4646,100,132709
4647,100,132717
4648,100,132741
4649,100,132752
4650,100,132768
4651,100,132783
4652,100,132814
4653,100,132869
4654,100,132925
4655,100,132955
4656,100,132956
4657,100,132962
4658,100,133015
4659,100,133022
4660,100,133069
4661,100,133108
4662,100,133115
4663,100,133169
4664,100,133185
4665,100,133186
4666,100,133238
4667,100,133292
4668,100,133347
4669,100,133378
4670,100,133407
4671,100,133425
4672,100,133455
4673,100,133473
4674,100,133531
4675,100,133544
4676,100,133571
4677,100,133605
4678,100,133649
4679,100,133703
4680,100,133755
4681,100,133802
4682,100,133803
4683,100,133811
4684,100,133845
4685,100,133846
4686,100,133850
4687,100,133851
4688,100,133870
4689,100,133894
4690,100,133900
4691,100,133938
4692,100,133952
4693,100,133965
4694,100,133981
4695,100,133993
4696,100,134012
4697,100,134032
4698,100,134072
4699,100,134101
4700,100,134145
4701,100,134190
4702,100,134243
4703,100,134259
4704,100,134288
4705,100,134291
4706,100,134304
4707,100,134307
4708,100,134321
4709,100,134376
4710,100,134408
4711,100,134420
4712,100,134427
4713,100,134464
4714,100,134472
4715,100,134482
4716,100,134533
4717,100,134580
4718,100,134629
4719,100,134680
4720,100,134729
4721,100,134757
4722,100,134785
4723,100,134801
4724,100,134833
4725,100,134886
4726,100,134952
4727,100,134985
4728,100,134997
4729,100,135006
4730,100,135018
4731,100,135045
4732,100,135060
4733,100,135091
4734,100,135101
4735,100,135110
4736,100,135166
4737,100,135196
4738,100,135242
4739,100,135271
4740,100,135319
4741,100,135334
4742,100,135360
4743,100,135365
4744,100,135415
4745,100,135416
4746,100,135435
4747,100,135487
4748,100,135536
4749,100,135590
4750,100,135648
4751,100,135664
4752,100,135715
4753,100,135726
4754,100,135772
4755,100,135820
4756,100,135883
4757,100,135934
4758,100,135959
4759,100,135965
4760,100,135997
4761,100,136047
4762,100,136051
4763,100,136066
4764,100,136095
4765,100,136115
4766,100,136131
4767,100,136185
4768,100,136197
4769,100,136213
4770,100,136226
4771,100,136238
4772,100,136247
4773,100,136265
4774,100,136276
4775,100,136328
4776,100,136368
4777,100,136415
4778,100,136450
4779,100,136498
4780,100,136513
4781,100,136528
4782,100,136575
4783,100,136601
4784,100,136608
4785,100,136623
4786,100,136624
4787,100,136666
4788,100,136690
4789,100,136744
4790,100,136766
4791,100,136805
4792,100,136821
4793,100,136880
4794,100,136908
4795,100,136939
4796,100,136957
4797,100,137001
4798,-10,137028
4799,100,137060
4800,100,137111
4801,100,137114
4802,100,137129
4803,100,137184
4804,100,137200
4805,100,137232
4806,100,137283
4807,100,137295
4808,100,137351
4809,100,137372
4810,100,137416
4811,100,137427
4812,100,137460
4813,100,137469
4814,100,137481
4815,100,137509
4816,100,137568
4817,100,137588
4818,100,137644
4819,100,137686
4820,100,137695
4821,100,137765
4822,100,137779
4823,100,137811
4824,100,137861
4825,100,137893
4826,100,137923
4827,100,137937
4828,100,137992
4829,100,138013
4830,100,138060
4831,-10,138125
4832,100,138174
4833,100,138223
4834,100,138232
4835,100,138239
4836,100,138252
4837,100,138266
4838,100,138320
4839,100,138328
4840,100,138357
4841,100,138379
4842,100,138414
4843,100,138424
4844,100,138470
4845,100,138478
4846,100,138498
4847,100,138553
4848,100,138614
4849,100,138615
4850,100,138646
4851,100,138651
4852,100,138660
4853,100,138712
4854,100,138724
4855,100,138730
4856,100,138733
4857,100,138794
4858,100,138805
4859,100,138817
4860,100,138828
4861,100,138857
4862,100,138886
4863,100,138902
4864,100,138951
4865,100,138970
4866,100,139010
4867,100,139067
4868,100,139079
4869,100,139116
4870,100,139122
4871,100,139149
4872,100,139168
4873,100,139183
4874,100,139203
4875,100,139215
4876,100,139268
4877,100,139308
4878,100,139315
4879,100,139365
4880,100,139413
4881,100,139428
4882,100,139447
4883,100,139503
4884,100,139532
4885,100,139585
4886,100,139616
4887,100,139617
4888,100,139651
4889,100,139708
4890,100,139723
4891,100,139771
4892,100,139821
4893,100,139837
4894,100,139875
4895,100,139879
4896,100,139916
4897,100,139935
4898,100,139966
4899,100,139999
4900,100,140011
4901,100,140050
4902,-10,140069
4903,100,140117
4904,100,140122
4905,100,140152
4906,100,140163
4907,-10,140209
4908,100,140262
4909,100,140314
4910,100,140342
4911,100,140362
4912,100,140382
4913,100,140399
4914,100,140435
4915,100,140445
4916,100,140454
4917,100,140510
4918,100,140544
4919,100,140579
4920,100,140614
4921,100,140667
4922,100,140713
4923,100,140761
4924,100,140817
4925,100,140858
4926,100,140889
4927,100,140938
4928,100,140991
4929,100,140998
4930,100,141012
4931,100,141061
4932,100,141090
4933,100,141144
4934,100,141174
4935,100,141187
4936,100,141217
4937,100,141234
4938,100,141294
4939,-10,141319
4940,100,141324
4941,100,141351
4942,100,141388
4943,100,141396
4944,100,141404
4945,100,141453
4946,100,141467
4947,100,141481
4948,100,141513
4949,100,141525
4950,100,141583
4951,100,141620
4952,100,141641
4953,100,141647
4954,100,141667
4955,100,141723
4956,100,141779
4957,100,141837
4958,100,141848
4959,100,141852
4960,100,141885
4961,100,141913
4962,100,141946
4963,100,141995
4964,100,142003
4965,100,142052
4966,100,142067
4967,100,142116
4968,100,142174
4969,100,142187
4970,100,142234
4971,100,142255
4972,100,142290
4973,100,142339
4974,100,142371
4975,100,142401
4976,100,142429
4977,100,142463
4978,100,142493
4979,100,142504
4980,100,142518
4981,100,142551
4982,100,142559
4983,100,142576
4984,100,142614
4985,100,142627
4986,100,142656
4987,100,142715
4988,100,142770
4989,100,142774
4990,100,142775
4991,100,142776
4992,100,142794
4993,100,142845
4994,100,142901
4995,100,142930
4996,100,142966
4997,100,142984
4998,100,142994
4999,100,143013
5000,100,143027
